Label,Founding Year,Entity Type,Type,Image,Website,Twitter,Facebook,LinkedIn,Instagram,Ecosystem Level,MIT Pillars                ,Verticals                        ,Innovation Pipeline Stage                                                                        ,Stakeholder Type                                                                        ,Tags,Location,Node Size,Programs Participated In
BioManufacturing Consortium @ MIT-CBI,,"Program, Conference","Program, Conference",https://cbi.mit.edu/wp-content/uploads/2020/12/MITCBI-Logo_300x85.png,https://cbi.mit.edu/programs/biomanufacturing-at-mit-cbi/collaboration/bioman/,,,,,Massachusetts Institute of Technology,Innovation,Biotech - Pharma,Mentorship|Funding,Academia,Massachusetts Institute of Technology|Biotech - Pharma|Mentorship|Funding|Academia,"400 Main Street, Cambridge, MA 02142",2,
"Doctoral Program in History, Anthropology, Science, Technology, and Society
(HASTS)",,"Program, Conference","Program, Conference",,"
https://web.mit.edu/hasts/",,,,,"MIT School of Humanities, Arts, and Social Sciences",,,,Academia,"MIT School of Humanities, Arts, and Social Sciences|Academia","77 Massachusetts Avenue, Cambridge, MA 02139",1,
HackMIT,2013,Student Club,Student Club,https://pbs.twimg.com/profile_images/1407181831439589376/58gbJK_N_400x400.jpg,https://hackmit.org,https://twitter.com/hackmit,https://www.facebook.com/HackMIT,https://www.linkedin.com/company/hackmit-20/,https://www.instagram.com/hackmit/,Massachusetts Institute of Technology,Innovation|Education,AI - Digital Health|Medical Devices - Med Tech,Ideation|Funding,Academia,Massachusetts Institute of Technology|AI - Digital Health|Medical Devices - Med Tech|Ideation|Funding|Academia,"77 Massachusetts Avenue, Cambridge, MA 02139",3,
Harvard-MIT Health Sciences and Technology (HST),1970,"Program, Conference","Program, Conference",https://pbs.twimg.com/profile_images/357301122/Red_HST_Logo_400x400.jpg,https://hst.mit.edu,https://twitter.com/mit_hst,https://www.facebook.com/groups/2418196159/,,,Massachusetts Institute of Technology,Innovation|Education|Research,AI - Digital Health|Medical Devices - Med Tech|Biotech - Pharma,Ideation|Customer Discovery|Prototype Development|Testing & Validation|Mentorship,Academia,Massachusetts Institute of Technology|AI - Digital Health|Medical Devices - Med Tech|Biotech - Pharma|Ideation|Customer Discovery|Prototype Development|Testing & Validation|Mentorship|Academia,"45 Carleton Street, Cambridge, MA 02142",3,
Healthcare Sector Practice Leader,,Person,Person,https://pbs.twimg.com/profile_images/1422946036293640193/uXrBXkYt_400x400.jpg,https://entrepreneurship.mit.edu/sector-practice-leaders/,https://twitter.com/EshipMIT,https://www.facebook.com/EshipMIT,https://www.linkedin.com/company/martin-trust-center-for-mit-entrepreneurship/,https://www.instagram.com/eshipmit/,Massachusetts Institute of Technology,,,Mentorship,Academia,Massachusetts Institute of Technology|Mentorship|Academia,"One Amherst Street, Cambridge, MA 02142",2,
J-PAL Global and J-PAL North America (health and poverty alleviation),,"Center, Department, Institute, Office","Center, Department, Institute, Office",https://pbs.twimg.com/profile_images/688004656837046273/QU1YOGbi_400x400.png,povertyactionlab.org/sector/health,https://twitter.com/jpal,https://www.facebook.com/JPAL.Global,https://www.linkedin.com/company/j-pal/,,Massachusetts Institute of Technology,,,,Academia,Massachusetts Institute of Technology|Academia,"400 Main Street, Cambridge, MA 02142
USA",2,
Jameel Clinic - AI & Healthcare at MIT,2018,"Center, Department, Institute, Office","Center, Department, Institute, Office",https://pbs.twimg.com/profile_images/1196529749608353792/sD5z6fY__400x400.jpg,https://www.jclinic.mit.edu,https://twitter.com/AIHealthMIT,https://www.linkedin.com/company/52133146,https://www.linkedin.com/company/aihealthmit/,,Massachusetts Institute of Technology,Innovation|Education|Research,AI - Digital Health,Ideation|Customer Discovery|Prototype Development|Testing & Validation|Mentorship|Funding,Academia,Massachusetts Institute of Technology|AI - Digital Health|Ideation|Customer Discovery|Prototype Development|Testing & Validation|Mentorship|Funding|Academia,"77 Massachusetts Avenue, Cambridge, MA 02139",3,
Lemelson-MIT Program,1994,"Program, Conference","Program, Conference",https://pbs.twimg.com/profile_images/1361162271/twitterl_400x400.png,https://lemelson.mit.edu,https://twitter.com/LemelsonMIT,https://www.facebook.com/LemelsonMITProgram,https://www.linkedin.com/company/40829030,https://www.instagram.com/lemelsonmit/,Massachusetts Institute of Technology,Innovation|Research,,Funding,Academia,Massachusetts Institute of Technology|Funding|Academia,"222 Third Street, Cambridge, MA 02142",3,
Martin Trust Center for Entrepreneurship at MIT,1990,"Center, Department, Institute, Office","Center, Department, Institute, Office",https://pbs.twimg.com/profile_images/1422946036293640193/uXrBXkYt_400x400.jpg,https://entrepreneurship.mit.edu/,https://twitter.com/EshipMIT,https://www.facebook.com/EshipMIT,https://www.linkedin.com/company/martin-trust-center-for-mit-entrepreneurship/,https://www.instagram.com/eshipmit/,Massachusetts Institute of Technology,Innovation|Education|Research,AI - Digital Health|Medical Devices - Med Tech|Biotech - Pharma|Operations - Systems,Ideation|Customer Discovery|Prototype Development|Testing & Validation|Pilot Testing|Incubation|Scaling & Commercialization|Acceleration|Mentorship|Funding,Academia,Massachusetts Institute of Technology|AI - Digital Health|Medical Devices - Med Tech|Biotech - Pharma|Operations - Systems|Ideation|Customer Discovery|Prototype Development|Testing & Validation|Pilot Testing|Incubation|Scaling & Commercialization|Acceleration|Mentorship|Funding|Academia,"One Amherst Street, Cambridge, MA 02142",3,
Massachusetts Institute of Technology,1861,"University, Company, Institution","University, Company, Institution",https://pbs.twimg.com/profile_images/927969888672632838/CZxYHc74_400x400.jpg,https://web.mit.edu,https://twitter.com/mit,https://www.facebook.com/MITnews,https://www.linkedin.com/school/mit/,https://www.instagram.com/mitpics/,Massachusetts Institute of Technology,,,,Academia,Massachusetts Institute of Technology|Academia,"77 Massachusetts Avenue, Cambridge, MA 02139",10,
MIT $100K,1989,"Program, Conference","Program, Conference",https://pbs.twimg.com/profile_images/1261679087929589760/1xo4HKoF_400x400.jpg,https://www.mit100k.org,https://twitter.com/mit100k,https://www.facebook.com/mit100k/,https://www.linkedin.com/company/mit-100k-entrepreneurship-competition/,,Massachusetts Institute of Technology,Innovation,AI - Digital Health|Medical Devices - Med Tech|Biotech - Pharma|Operations - Systems,Ideation|Funding,Academia,Massachusetts Institute of Technology|AI - Digital Health|Medical Devices - Med Tech|Biotech - Pharma|Operations - Systems|Ideation|Funding|Academia,"77 Massachusetts Avenue, Cambridge, MA 02139",3,
MIT $100K - Accelerate,1989,"Program, Conference","Program, Conference",https://pbs.twimg.com/profile_images/1261679087929589760/1xo4HKoF_400x400.jpg,https://www.mit100k.org/accelerate,https://twitter.com/mit100k,https://www.facebook.com/mit100k/,https://www.linkedin.com/company/mit-100k-entrepreneurship-competition/,,Massachusetts Institute of Technology,Innovation,AI - Digital Health|Medical Devices - Med Tech|Biotech - Pharma|Operations - Systems,Ideation|Funding,Academia,Massachusetts Institute of Technology|AI - Digital Health|Medical Devices - Med Tech|Biotech - Pharma|Operations - Systems|Ideation|Funding|Academia,"77 Massachusetts Avenue, Cambridge, MA 02139",2,
MIT $100K - Launch,1989,"Program, Conference","Program, Conference",https://pbs.twimg.com/profile_images/1261679087929589760/1xo4HKoF_400x400.jpg,https://www.mit100k.org/launch,https://twitter.com/mit100k,https://www.facebook.com/mit100k/,https://www.linkedin.com/company/mit-100k-entrepreneurship-competition/,,Massachusetts Institute of Technology,Innovation,AI - Digital Health|Medical Devices - Med Tech|Biotech - Pharma|Operations - Systems,Ideation|Customer Discovery|Funding,Academia,Massachusetts Institute of Technology|AI - Digital Health|Medical Devices - Med Tech|Biotech - Pharma|Operations - Systems|Ideation|Customer Discovery|Funding|Academia,"77 Massachusetts Avenue, Cambridge, MA 02139",2,
MIT $100K - Pitch,1989,"Program, Conference","Program, Conference",https://pbs.twimg.com/profile_images/1261679087929589760/1xo4HKoF_400x400.jpg,https://www.mit100k.org/pitch,https://twitter.com/mit100k,https://www.facebook.com/mit100k/,https://www.linkedin.com/company/mit-100k-entrepreneurship-competition/,,Massachusetts Institute of Technology,Innovation,AI - Digital Health|Medical Devices - Med Tech|Biotech - Pharma|Operations - Systems,Ideation|Funding,Academia,Massachusetts Institute of Technology|AI - Digital Health|Medical Devices - Med Tech|Biotech - Pharma|Operations - Systems|Ideation|Funding|Academia,"77 Massachusetts Avenue, Cambridge, MA 02139",2,
MIT Alumni Association,1875,"Center, Department, Institute, Office","Center, Department, Institute, Office",https://pbs.twimg.com/profile_images/875446369191944192/MBDN17ut_400x400.jpg,https://alum.mit.edu,http://twitter.com/MIT_alumni,http://www.facebook.com/MITAA,https://www.linkedin.com/groups/69586/,http://instagram.com/mitalumni,Massachusetts Institute of Technology,Innovation|Education,,Mentorship,Academia,Massachusetts Institute of Technology|Mentorship|Academia,"600 Memorial Drive, Cambridge, MA 02139",3,
MIT Alumni Venture Studio,2021,"Program, Conference","Program, Conference",https://pbs.twimg.com/profile_images/1410602723557339141/uDv7E7r7_400x400.jpg,https://innovation.mit.edu/innovation-infrastructure/ihq/ihq-resident-organizations-2/ihq-resident-organizations-avs/,,,,,Massachusetts Institute of Technology,Innovation,,,Academia,Massachusetts Institute of Technology|Academia,"292 Main St, Cambridge, MA 02142",2,
MIT Biotech Group,,Student Club,Student Club,https://pbs.twimg.com/profile_images/572185418120974336/V0Q6MEM3_400x400.png,https://biotech.mit.edu,https://twitter.com/mitbiotechgroup?lang=en,https://www.facebook.com/MITbiotechgroup/,https://www.linkedin.com/company/mit-biotech-group/,,Massachusetts Institute of Technology,Innovation|Education,Biotech - Pharma,,Academia,Massachusetts Institute of Technology|Biotech - Pharma|Academia,"77 Massachusetts Avenue, Cambridge, MA 02139",3,
MIT Bootcamps,2014,"Program, Conference","Program, Conference",https://pbs.twimg.com/profile_images/1064596605171585030/zvxk_nNu_400x400.jpg,https://bootcamps.mit.edu,https://twitter.com/MITBootcamps,https://facebook.com/MITBootcamps,https://linkedin.com/company/11182752,https://instagram.com/MITBootcamps,Massachusetts Institute of Technology,Innovation|Education,AI - Digital Health|Medical Devices - Med Tech,Ideation|Customer Discovery|Mentorship,Academia,Massachusetts Institute of Technology|AI - Digital Health|Medical Devices - Med Tech|Ideation|Customer Discovery|Mentorship|Academia,"77 Massachusetts Avenue, Cambridge, MA 02139",3,
MIT Center for Biomedical Innovation,2005,"Center, Department, Institute, Office","Center, Department, Institute, Office",https://cbi.mit.edu/wp-content/uploads/2020/12/MITCBI-Logo_300x85.png,https://cbi.mit.edu,,,,,Massachusetts Institute of Technology,Innovation,Biotech - Pharma,Mentorship|Funding,Academia,Massachusetts Institute of Technology|Biotech - Pharma|Mentorship|Funding|Academia,"400 Main Street, Cambridge, MA 02142",3,
MIT Computer Science & Artificial Intelligence Lab (CSAIL),2003,"Center, Department, Institute, Office","Center, Department, Institute, Office",https://pbs.twimg.com/profile_images/885505956272115712/U81HpDxb_400x400.jpg,https://www.csail.mit.edu,https://twitter.com/MIT_CSAIL,https://www.facebook.com/MITCSAIL/,https://www.linkedin.com/company/mit-csail/,https://www.instagram.com/mit_csail/,Massachusetts Institute of Technology,Innovation|Education,AI - Digital Health,,Academia,Massachusetts Institute of Technology|AI - Digital Health|Academia,"32 Vassar St, Cambridge, MA 02139",3,
MIT Corporate Innovation Program,2020,"Program, Conference","Program, Conference",https://pbs.twimg.com/profile_images/1410602723557339141/uDv7E7r7_400x400.jpg,https://corporateinnovation.mit.edu,,,,,Massachusetts Institute of Technology,Innovation|Education,,Ideation|Customer Discovery|Mentorship,Academia,Massachusetts Institute of Technology|Ideation|Customer Discovery|Mentorship|Academia,"292 Main St, Cambridge, MA 02142",2,
MIT Corporate Relations,,"Center, Department, Institute, Office","Center, Department, Institute, Office",https://pbs.twimg.com/profile_images/927969888672632838/CZxYHc74_400x400.jpg,https://corporaterelations.mit.edu,,,,,Massachusetts Institute of Technology,,,,"Academia|VCs, Investors, Funders","Massachusetts Institute of Technology|Academia|VCs, Investors, Funders","77 Massachusetts Avenue,  02142-1601",3,
MIT D-Lab,2002,"Center, Department, Institute, Office","Center, Department, Institute, Office",https://pbs.twimg.com/profile_images/1038772264106262529/jK4RgimW_400x400.jpg,https://d-lab.mit.edu,https://twitter.com/dlab_mit,https://www.facebook.com/dlabmit/,https://www.linkedin.com/company/mit-d-lab,,Massachusetts Institute of Technology,Innovation|Education,,Ideation|Customer Discovery|Prototype Development|Testing & Validation|Pilot Testing|Funding,Academia,Massachusetts Institute of Technology|Ideation|Customer Discovery|Prototype Development|Testing & Validation|Pilot Testing|Funding|Academia,"265 Massachusetts Avenue, Cambridge, MA 02139",3,
MIT DC Grand Hack,2011,"Program, Conference","Program, Conference",https://pbs.twimg.com/profile_images/1130119260892798977/dCW4d7ON_400x400.png,https://grandhack.mit.edu/dc,https://twitter.com/mithackmed,https://www.facebook.com/MITHackingMedicine/,https://www.linkedin.com/company/mit-hacking-medicine,http://instagram.com/mithackmed,Massachusetts Institute of Technology,Innovation|Education|Research,AI - Digital Health|Medical Devices - Med Tech|Operations - Systems,Ideation|Customer Discovery|Mentorship|Funding,Academia,Massachusetts Institute of Technology|AI - Digital Health|Medical Devices - Med Tech|Operations - Systems|Ideation|Customer Discovery|Mentorship|Funding|Academia,"292 Main St, Cambridge, MA 02142",2,
MIT Delta V,2010,"Program, Conference","Program, Conference",https://pbs.twimg.com/profile_images/1422946036293640193/uXrBXkYt_400x400.jpg,https://entrepreneurship.mit.edu/accelerator/program/,https://twitter.com/EshipMIT,https://www.facebook.com/EshipMIT,https://www.linkedin.com/company/martin-trust-center-for-mit-entrepreneurship/,https://www.instagram.com/eshipmit/,Massachusetts Institute of Technology,Innovation|Education,AI - Digital Health|Medical Devices - Med Tech,Customer Discovery|Prototype Development|Testing & Validation|Pilot Testing|Incubation|Scaling & Commercialization|Acceleration|Mentorship|Funding,Academia|Incubators & Accelerators,Massachusetts Institute of Technology|AI - Digital Health|Medical Devices - Med Tech|Customer Discovery|Prototype Development|Testing & Validation|Pilot Testing|Incubation|Scaling & Commercialization|Acceleration|Mentorship|Funding|Academia|Incubators & Accelerators,"One Amherst Street, Cambridge, MA 02142",2,
MIT Deshpande Center for Technological Innovation,2002,"Center, Department, Institute, Office","Center, Department, Institute, Office",https://pbs.twimg.com/profile_images/968506085148524544/HrEix7UP_400x400.jpg,https://deshpande.mit.edu,https://twitter.com/MITDeshpandeCtr,,https://www.linkedin.com/company/mit-deshpande-center,,Massachusetts Institute of Technology,Innovation|Education,,Scaling & Commercialization|Funding,"Academia|VCs, Investors, Funders","Massachusetts Institute of Technology|Scaling & Commercialization|Funding|Academia|VCs, Investors, Funders","292 Main St, Cambridge, MA 02142",3,
MIT Dual-Use Ventures Incubator,2020,"Program, Conference","Program, Conference",https://pbs.twimg.com/profile_images/1410602723557339141/uDv7E7r7_400x400.jpg,"https://innovation.mit.edu/mission-innovation-program/mission-innovation-program_incubator/#:~:text=The%20Mission%20Innovation%20Dual%2Duse,and%20other%20federal%20funding%20opportunities.",,,,,Massachusetts Institute of Technology,Innovation,,Incubation|Scaling & Commercialization|Acceleration|Funding,Academia|Incubators & Accelerators,Massachusetts Institute of Technology|Incubation|Scaling & Commercialization|Acceleration|Funding|Academia|Incubators & Accelerators,"292 Main St, Cambridge, MA 02142",2,
MIT E14 Fund,2013,Fund,Fund,https://pbs.twimg.com/profile_images/1087200612041711616/ETh--ZPH_400x400.jpg,https://www.e14fund.com,https://twitter.com/e14fund,https://www.facebook.com/e14fund,https://www.linkedin.com/company/e14fund,,Massachusetts Institute of Technology,Innovation,AI - Digital Health,Funding,"VCs, Investors, Funders","Massachusetts Institute of Technology|AI - Digital Health|Funding|VCs, Investors, Funders","75 Amherst Street, Cambridge, MA 02319",3,
MIT Fuse,,"Program, Conference","Program, Conference",https://pbs.twimg.com/profile_images/1422946036293640193/uXrBXkYt_400x400.jpg,http://entrepreneurship.mit.edu/mit-fuse/,https://twitter.com/EshipMIT,https://www.facebook.com/EshipMIT,https://www.linkedin.com/company/martin-trust-center-for-mit-entrepreneurship/,https://www.instagram.com/eshipmit/,Massachusetts Institute of Technology,Innovation|Education,,,Academia,Massachusetts Institute of Technology|Academia,"One Amherst Street, Cambridge, MA 02142",2,
MIT Global Startup Workshop (GSW),1998,Student Club,Student Club,https://pbs.twimg.com/profile_images/1201627078115741696/4jCXQjH0_400x400.jpg,http://gsw.mit.edu/, ,https://www.facebook.com/MITGSW/,https://www.linkedin.com/groups/4117846,https://www.instagram.com/MITGSW/,Massachusetts Institute of Technology,Innovation|Education,,Ideation|Customer Discovery|Mentorship,Academia,Massachusetts Institute of Technology|Ideation|Customer Discovery|Mentorship|Academia,"77 Massachusetts Avenue, Cambridge, MA 02139",3,
MIT Grand Hack,2011,"Program, Conference","Program, Conference",https://pbs.twimg.com/profile_images/1130119260892798977/dCW4d7ON_400x400.png,https://grandhack.mit.edu/,https://twitter.com/mithackmed,https://www.facebook.com/MITHackingMedicine/,https://www.linkedin.com/company/mit-hacking-medicine,http://instagram.com/mithackmed,Massachusetts Institute of Technology,Innovation|Education|Research,AI - Digital Health|Medical Devices - Med Tech|Operations - Systems,Ideation|Customer Discovery|Mentorship|Funding,Academia,Massachusetts Institute of Technology|AI - Digital Health|Medical Devices - Med Tech|Operations - Systems|Ideation|Customer Discovery|Mentorship|Funding|Academia,"292 Main St, Cambridge, MA 02142",2,
MIT Hacking Medicine,2011,Student Club,Student Club,https://pbs.twimg.com/profile_images/1130119260892798977/dCW4d7ON_400x400.png,https://hackingmedicine.mit.edu,https://twitter.com/mithackmed,https://www.facebook.com/MITHackingMedicine/,https://www.linkedin.com/company/mit-hacking-medicine,http://instagram.com/mithackmed,Massachusetts Institute of Technology,Innovation|Education|Research,AI - Digital Health|Medical Devices - Med Tech|Operations - Systems,Ideation|Customer Discovery|Mentorship|Funding,Academia,Massachusetts Institute of Technology|AI - Digital Health|Medical Devices - Med Tech|Operations - Systems|Ideation|Customer Discovery|Mentorship|Funding|Academia,"292 Main St, Cambridge, MA 02142",3,
MIT Health Systems Initiative,,"Program, Conference","Program, Conference",https://pbs.twimg.com/profile_images/973932722652700672/n7h0JpfE_400x400.jpg,https://mitsloan.mit.edu/centers-initiatives/health-systems-initiative/health-systems-initiative-welcome,https://twitter.com/mitsloan,,,https://www.instagram.com/mitsloan/,Massachusetts Institute of Technology,Innovation|Education|Research,Operations - Systems,,Academia,Massachusetts Institute of Technology|Operations - Systems|Academia,"100 Main Street, Cambridge, MA 02142",2,
MIT Healthcare Ventures Class,,Course,Course,https://pbs.twimg.com/profile_images/748694728309350400/ZwyU0Shs_400x400.jpg,https://linq.mit.edu/about-healthcare-ventures/,https://twitter.com/MITlinQ,https://www.facebook.com/MITlinQ/,https://www.linkedin.com/in/mitlinq,,Massachusetts Institute of Technology,Innovation|Education,,Ideation|Customer Discovery,Academia,Massachusetts Institute of Technology|Ideation|Customer Discovery|Academia,"45 Carleton Street, Cambridge, MA 02142",2,
MIT Hong Kong Innovation Node,2017,"Center, Department, Institute, Office","Center, Department, Institute, Office",https://media-exp1.licdn.com/dms/image/C4E0BAQHOzF6MO5HQAg/company-logo_200_200/0/1599254073627?e=1640217600&v=beta&t=SV1S5y7ryGFbAq5YBo5Wmw_NhC6ZTQ8h5-s2K9VTIKQ,https://hkinnovationnode.mit.edu,,https://www.facebook.com/hkinnovationnode/,,http://www.instagram.com/mithknode,Massachusetts Institute of Technology,Innovation|Education,,Ideation|Mentorship,Academia,Massachusetts Institute of Technology|Ideation|Mentorship|Academia,"78 Tat Chee Ave, Kowloon Tong, Hong Kong",3,
MIT IDEAS Social Innovation Challenge,2001,"Program, Conference","Program, Conference",https://pkgcenter.mit.edu/wp-content/uploads/Screen-Shot-2021-01-15-at-3.42.13-PM-1024x579.png,https://pkgcenter.mit.edu/programs/ideas/,https://twitter.com/mitpkg,https://www.facebook.com/mitpkg/,,https://www.instagram.com/mitpkg,Massachusetts Institute of Technology,Innovation|Education,,Ideation|Prototype Development|Mentorship|Funding,Academia,Massachusetts Institute of Technology|Ideation|Prototype Development|Mentorship|Funding|Academia,"77 Massachusetts Avenue, Cambridge, MA 02139",2,
MIT Industrial Liaison Program (ILP),1948,"Program, Conference","Program, Conference",https://pbs.twimg.com/profile_images/1148573056882733056/eWcYbVlF_400x400.png,https://ilp.mit.edu,https://twitter.com/mit_ilp,,https://www.linkedin.com/company/mit-industrial-liaison-program,,Massachusetts Institute of Technology,Innovation,,Scaling & Commercialization,"Academia|VCs, Investors, Funders","Massachusetts Institute of Technology|Scaling & Commercialization|Academia|VCs, Investors, Funders","1 Main Street, Cambridge, MA 02142",2,
MIT Innovation Initiative,2013,"Center, Department, Institute, Office","Center, Department, Institute, Office",https://pbs.twimg.com/profile_images/1410602723557339141/uDv7E7r7_400x400.jpg,https://innovation.mit.edu,https://twitter.com/MIT_Innovation,https://www.facebook.com/MITInnovationInitiative/,https://www.linkedin.com/company/mit-innovation-initiative/,https://www.instagram.com/mitinnovation/,Massachusetts Institute of Technology,Innovation|Education|Research,,Ideation,Academia,Massachusetts Institute of Technology|Ideation|Academia,"292 Main St, Cambridge, MA 02142",3,
MIT Institute for Medical Engineering and Science (IMES),2012,"Center, Department, Institute, Office","Center, Department, Institute, Office",https://pbs.twimg.com/profile_images/534773748994289664/-IsIsa2s_400x400.jpeg,https://imes.mit.edu,https://twitter.com/MIT_IMES,https://www.facebook.com/imesmit,,,Massachusetts Institute of Technology,Innovation|Education|Research,AI - Digital Health|Medical Devices - Med Tech|Biotech - Pharma|Operations - Systems,Ideation|Customer Discovery|Prototype Development|Testing & Validation|Pilot Testing|Incubation|Acceleration|Mentorship,Academia,Massachusetts Institute of Technology|AI - Digital Health|Medical Devices - Med Tech|Biotech - Pharma|Operations - Systems|Ideation|Customer Discovery|Prototype Development|Testing & Validation|Pilot Testing|Incubation|Acceleration|Mentorship|Academia,"45 Carleton Street, Cambridge, MA 02142",3,
MIT International Science and Technology Initiatives (MISTI),,"Center, Department, Institute, Office","Center, Department, Institute, Office",https://pbs.twimg.com/profile_images/1234591235446169600/9kH2LbuB_400x400.jpg,https://misti.mit.edu,https://twitter.com/MISTIatMIT,https://www.facebook.com/MISTIatMIT,,https://www.instagram.com/mistiatmit,Massachusetts Institute of Technology,Innovation|Education,,Ideation|Funding,Academia,Massachusetts Institute of Technology|Ideation|Funding|Academia,"1 Amherst St, Cambridge, MA 02139",2,
MIT Legatum Center for Development and Entrepreneurship,2007,"Center, Department, Institute, Office","Center, Department, Institute, Office",https://pbs.twimg.com/profile_images/1436328842373865476/fQkoQOz__400x400.png,https://legatum.mit.edu,https://twitter.com/mitlegatum,https://www.facebook.com/mit.legatum/,https://www.linkedin.com/company/mit-legatum-center/,,Massachusetts Institute of Technology,Innovation,,Ideation|Customer Discovery|Prototype Development|Mentorship|Funding,"Academia|Incubators & Accelerators|VCs, Investors, Funders","Massachusetts Institute of Technology|Ideation|Customer Discovery|Prototype Development|Mentorship|Funding|Academia|Incubators & Accelerators|VCs, Investors, Funders","292 Main St, Cambridge, MA 02142",3,
MIT LinQ,,"Center, Department, Institute, Office","Center, Department, Institute, Office",https://pbs.twimg.com/profile_images/748694728309350400/ZwyU0Shs_400x400.jpg,https://linq.mit.edu,https://twitter.com/MITlinQ,https://www.facebook.com/MITlinQ/,https://www.linkedin.com/in/mitlinq,,Massachusetts Institute of Technology,Innovation|Education,,Ideation|Customer Discovery|Prototype Development|Testing & Validation|Pilot Testing|Incubation|Mentorship,Academia,Massachusetts Institute of Technology|Ideation|Customer Discovery|Prototype Development|Testing & Validation|Pilot Testing|Incubation|Mentorship|Academia,"45 Carleton Street, Cambridge, MA 02142",3,
MIT LinQ Catalyst,,"Program, Conference","Program, Conference",https://pbs.twimg.com/profile_images/748694728309350400/ZwyU0Shs_400x400.jpg,https://catalyst.mit.edu,https://twitter.com/MITlinQ,https://www.facebook.com/MITlinQ/,https://www.linkedin.com/in/mitlinq,,Massachusetts Institute of Technology,Innovation|Education,,Ideation|Customer Discovery|Prototype Development|Testing & Validation|Pilot Testing|Mentorship|Funding,Academia,Massachusetts Institute of Technology|Ideation|Customer Discovery|Prototype Development|Testing & Validation|Pilot Testing|Mentorship|Funding|Academia,"45 Carleton Street, Cambridge, MA 02142",2,
MIT LinQ IDEA2 Global,,"Program, Conference","Program, Conference",https://pbs.twimg.com/profile_images/748694728309350400/ZwyU0Shs_400x400.jpg,https://idea2.mit.edu,https://twitter.com/MITlinQ,https://www.facebook.com/MITlinQ/,https://www.linkedin.com/in/mitlinq,,Massachusetts Institute of Technology,Innovation|Education,,Mentorship,Academia,Massachusetts Institute of Technology|Mentorship|Academia,"45 Carleton Street, Cambridge, MA 02142",2,
MIT LinQ IMPACT,,"Program, Conference","Program, Conference",https://pbs.twimg.com/profile_images/748694728309350400/ZwyU0Shs_400x400.jpg,https://impactprogram.mit.edu,https://twitter.com/MITlinQ,https://www.facebook.com/MITlinQ/,https://www.linkedin.com/in/mitlinq,,Massachusetts Institute of Technology,Innovation|Education,,Mentorship,Academia|Hospital - Health Systems,Massachusetts Institute of Technology|Mentorship|Academia|Hospital - Health Systems,"45 Carleton Street, Cambridge, MA 02142",2,
MIT Media Lab,1985,"Center, Department, Institute, Office","Center, Department, Institute, Office",https://pbs.twimg.com/profile_images/1160953974364577796/DI9EUQPs_400x400.jpg,https://www.media.mit.edu,https://twitter.com/medialab,https://www.facebook.com/mitmedialab,https://www.linkedin.com/company/mit-media-lab/,https://www.instagram.com/mitmedialab/,Massachusetts Institute of Technology,Innovation|Education|Research,AI - Digital Health|Medical Devices - Med Tech,Ideation|Acceleration|Mentorship,Academia,Massachusetts Institute of Technology|AI - Digital Health|Medical Devices - Med Tech|Ideation|Acceleration|Mentorship|Academia,"75 Amherst Street, Cambridge, MA 02319",3,
MIT Middle East Entrepreneurs of Tomorrow (MEET),,"Program, Conference","Program, Conference",https://pbs.twimg.com/profile_images/1234591235446169600/9kH2LbuB_400x400.jpg,https://misti.mit.edu/mit-meet,https://twitter.com/MISTIatMIT,https://www.facebook.com/MISTIatMIT,,https://www.instagram.com/mistiatmit,"MIT School of Humanities, Arts, and Social Sciences",,,,Academia,"MIT School of Humanities, Arts, and Social Sciences|Academia","1 Amherst St, Cambridge, MA 02139",1,
MIT Mission Innovation Program,2020,"Program, Conference","Program, Conference",https://pbs.twimg.com/profile_images/1410602723557339141/uDv7E7r7_400x400.jpg,https://innovation.mit.edu/mission-innovation-program/,,,,,Massachusetts Institute of Technology,Innovation|Education,,Ideation|Customer Discovery|Incubation|Mentorship,Academia,Massachusetts Institute of Technology|Ideation|Customer Discovery|Incubation|Mentorship|Academia,"292 Main St, Cambridge, MA 02142",2,
MIT nano,,"Center, Department, Institute, Office","Center, Department, Institute, Office",,https://mitnano.mit.edu/,https://twitter.com/mit_nano,,https://www.linkedin.com/company/mit-nano/,https://www.instagram.com/mit.nano/,Massachusetts Institute of Technology,Innovation|Research,,Prototype Development|Testing & Validation|Incubation|Funding,Academia,Massachusetts Institute of Technology|Prototype Development|Testing & Validation|Incubation|Funding|Academia,"60 Vassar Street, Cambridge, MA 02139",3,
MIT NYC Grand Hack,2011,"Program, Conference","Program, Conference",https://pbs.twimg.com/profile_images/1130119260892798977/dCW4d7ON_400x400.png,https://grandhack.mit.edu/nyc,https://twitter.com/mithackmed,https://www.facebook.com/MITHackingMedicine/,https://www.linkedin.com/company/mit-hacking-medicine,http://instagram.com/mithackmed,Massachusetts Institute of Technology,Innovation|Education|Research,AI - Digital Health|Medical Devices - Med Tech|Operations - Systems,Ideation|Customer Discovery|Mentorship|Funding,Academia,Massachusetts Institute of Technology|AI - Digital Health|Medical Devices - Med Tech|Operations - Systems|Ideation|Customer Discovery|Mentorship|Funding|Academia,"292 Main St, Cambridge, MA 02142",2,
MIT NYC Studio,2017,"Program, Conference","Program, Conference",https://pbs.twimg.com/profile_images/1422946036293640193/uXrBXkYt_400x400.jpg,https://entrepreneurship.mit.edu/accelerator/mit-nyc-startup-studio/,https://twitter.com/EshipMIT,https://www.facebook.com/EshipMIT,https://www.linkedin.com/company/martin-trust-center-for-mit-entrepreneurship/,https://www.instagram.com/eshipmit/,Massachusetts Institute of Technology,Innovation,AI - Digital Health|Medical Devices - Med Tech|Operations - Systems,Customer Discovery|Prototype Development|Testing & Validation|Pilot Testing|Incubation|Scaling & Commercialization|Acceleration|Mentorship|Funding,Academia|Incubators & Accelerators,Massachusetts Institute of Technology|AI - Digital Health|Medical Devices - Med Tech|Operations - Systems|Customer Discovery|Prototype Development|Testing & Validation|Pilot Testing|Incubation|Scaling & Commercialization|Acceleration|Mentorship|Funding|Academia|Incubators & Accelerators,"One Amherst Street, Cambridge, MA 02142",2,
MIT Office of Sponsored Programs (OSP) / MIT Research Administration Services (RAS),,"Center, Department, Institute, Office","Center, Department, Institute, Office",https://pbs.twimg.com/profile_images/927969888672632838/CZxYHc74_400x400.jpg,https://ras.mit.edu,,,,,Massachusetts Institute of Technology,Innovation|Research,,,Academia,Massachusetts Institute of Technology|Academia,"77 Massachusetts Avenue,  02142-1601",3,
MIT Paris Grand Hack,2011,"Program, Conference","Program, Conference",https://pbs.twimg.com/profile_images/1130119260892798977/dCW4d7ON_400x400.png,https://grandhack.mit.edu/paris,https://twitter.com/mithackmed,https://www.facebook.com/MITHackingMedicine/,https://www.linkedin.com/company/mit-hacking-medicine,http://instagram.com/mithackmed,Massachusetts Institute of Technology,Innovation|Education|Research,AI - Digital Health|Medical Devices - Med Tech|Operations - Systems,Ideation|Customer Discovery|Mentorship|Funding,Academia,Massachusetts Institute of Technology|AI - Digital Health|Medical Devices - Med Tech|Operations - Systems|Ideation|Customer Discovery|Mentorship|Funding|Academia,"292 Main St, Cambridge, MA 02142",2,
MIT PKG Center,1988,"Center, Department, Institute, Office","Center, Department, Institute, Office",https://pbs.twimg.com/profile_images/1011688186798624769/BTb9tgO3_400x400.jpg,https://pkgcenter.mit.edu,https://twitter.com/mitpkg,https://www.facebook.com/mitpkg/,,https://www.instagram.com/mitpkg,Massachusetts Institute of Technology,Innovation|Education,,Funding,Academia,Massachusetts Institute of Technology|Funding|Academia,"77 Massachusetts Avenue, Cambridge, MA 02139",3,
MIT Professional Education,2002,"Program, Conference","Program, Conference",https://pbs.twimg.com/profile_images/1346918464829743104/reNDVAev_400x400.png,https://professional.mit.edu,https://twitter.com/MITProfessional,https://www.facebook.com/MITProfessionalEducation,https://www.linkedin.com/company/mit-professional-education,https://www.instagram.com/mitprofessionaled/,Massachusetts Institute of Technology,Innovation|Education,AI - Digital Health|Medical Devices - Med Tech|Biotech - Pharma|Operations - Systems,,Academia,Massachusetts Institute of Technology|AI - Digital Health|Medical Devices - Med Tech|Biotech - Pharma|Operations - Systems|Academia,"700 Technology Square, Cambridge, MA 02139",3,
MIT Project Manus,2015,"Program, Conference","Program, Conference",https://pbs.twimg.com/profile_images/989520534235963392/bpe5LINj_400x400.jpg,https://project-manus.mit.edu,https://twitter.com/projectmanus,https://www.facebook.com/MITProjectManus/,,https://www.instagram.com/mitprojectmanus/,Massachusetts Institute of Technology,Innovation,,Prototype Development|Testing & Validation|Pilot Testing|Incubation,Academia,Massachusetts Institute of Technology|Prototype Development|Testing & Validation|Pilot Testing|Incubation|Academia,"127 Massachusetts Avenue, Cambridge, MA 02139",3,
MIT Proto Ventures Program,2019,"Program, Conference","Program, Conference",https://pbs.twimg.com/profile_images/1410602723557339141/uDv7E7r7_400x400.jpg,https://protoventures.mit.edu,,,,,Massachusetts Institute of Technology,Innovation,,Ideation|Customer Discovery|Prototype Development|Testing & Validation|Pilot Testing|Incubation|Scaling & Commercialization|Acceleration|Mentorship|Funding,Academia,Massachusetts Institute of Technology|Ideation|Customer Discovery|Prototype Development|Testing & Validation|Pilot Testing|Incubation|Scaling & Commercialization|Acceleration|Mentorship|Funding|Academia,"292 Main St, Cambridge, MA 02142",2,
MIT Regional Entrepreneurship Acceleration Program (REAP),2014,"Program, Conference","Program, Conference",https://pbs.twimg.com/profile_images/808380528214896640/iR7wT-Ai_400x400.jpg,https://reap.mit.edu,https://twitter.com/mit_reap,https://www.facebook.com/MITREAP/,https://www.linkedin.com/company/mit-regional-entrepreneurship-acceleration-program,,Massachusetts Institute of Technology,Innovation|Education,Operations - Systems,Customer Discovery|Prototype Development|Incubation|Acceleration|Mentorship,Academia|Incubators & Accelerators,Massachusetts Institute of Technology|Operations - Systems|Customer Discovery|Prototype Development|Incubation|Acceleration|Mentorship|Academia|Incubators & Accelerators,"292 Main St, Cambridge, MA 02142",2,
MIT Sandbox Healthcare Innovation Program,,"Program, Conference","Program, Conference",https://pbs.twimg.com/profile_images/1367168619688439808/TvyMUexp_400x400.jpg,http://sandbox.mit.edu,https://twitter.com/MITSandbox,http://www.facebook.com/mitsandbox,https://www.linkedin.com/company/mit-sandbox-innovation-fund-program/,,Massachusetts Institute of Technology,Innovation|Education|Research,Medical Devices - Med Tech|Biotech - Pharma,Ideation|Customer Discovery|Mentorship,Academia,Massachusetts Institute of Technology|Medical Devices - Med Tech|Biotech - Pharma|Ideation|Customer Discovery|Mentorship|Academia,"292 Main St, Cambridge, MA 02142",2,
MIT Sandbox Innovation Fund Program,,"Program, Conference","Program, Conference",https://pbs.twimg.com/profile_images/1367168619688439808/TvyMUexp_400x400.jpg,http://sandbox.mit.edu,https://twitter.com/MITSandbox,http://www.facebook.com/mitsandbox,https://www.linkedin.com/company/mit-sandbox-innovation-fund-program/,,Massachusetts Institute of Technology,Innovation|Education,AI - Digital Health|Medical Devices - Med Tech|Biotech - Pharma|Operations - Systems,Prototype Development|Testing & Validation|Mentorship|Funding,Academia,Massachusetts Institute of Technology|AI - Digital Health|Medical Devices - Med Tech|Biotech - Pharma|Operations - Systems|Prototype Development|Testing & Validation|Mentorship|Funding|Academia,"292 Main St, Cambridge, MA 02142",3,
"MIT School of Humanities, Arts, and Social Sciences",,"Center, Department, Institute, Office","Center, Department, Institute, Office",https://pbs.twimg.com/profile_images/1402985096622186515/ChEY3-QL_400x400.jpg,https://shass.mit.edu/research/impact/health,http://twitter.com/mit_shass,https://www.facebook.com/MIT.SHASS/,,,Massachusetts Institute of Technology,,,,Academia,Massachusetts Institute of Technology|Academia,"77 Massachusetts Avenue, Cambridge, MA 02139",3,
MIT SF Grand Hack,2011,"Program, Conference","Program, Conference",https://pbs.twimg.com/profile_images/1130119260892798977/dCW4d7ON_400x400.png,https://grandhack.mit.edu/sf,https://twitter.com/mithackmed,https://www.facebook.com/MITHackingMedicine/,https://www.linkedin.com/company/mit-hacking-medicine,http://instagram.com/mithackmed,Massachusetts Institute of Technology,Innovation|Education|Research,AI - Digital Health|Medical Devices - Med Tech|Operations - Systems,Ideation|Customer Discovery|Mentorship|Funding,Academia,Massachusetts Institute of Technology|AI - Digital Health|Medical Devices - Med Tech|Operations - Systems|Ideation|Customer Discovery|Mentorship|Funding|Academia,"292 Main St, Cambridge, MA 02142",2,
MIT Sloan,1914,"Center, Department, Institute, Office","Center, Department, Institute, Office",https://pbs.twimg.com/profile_images/973932722652700672/n7h0JpfE_400x400.jpg,https://mitsloan.mit.edu,https://twitter.com/mitsloan,https://www.facebook.com/MITSloan,https://www.linkedin.com/company/mit-sloan-school-of-management,https://www.instagram.com/mitsloan/,Massachusetts Institute of Technology,Education|Research,,,Academia,Massachusetts Institute of Technology|Academia,"100 Main Street, Cambridge, MA 02142",3,
MIT Sloan Healthcare and BioInnovations Conference,,"Program, Conference","Program, Conference",https://pbs.twimg.com/profile_images/1329495319768412165/ogr50ere_400x400.jpg,http://www.sloan-hbc.mit.edu,https://twitter.com/MITBioinnov,https://www.facebook.com/mitsloanbioinnovations,https://www.linkedin.com/company/mit-shbc,https://www.instagram.com/mitsloanbioinnovations/,MIT Sloan,Innovation,AI - Digital Health|Medical Devices - Med Tech|Biotech - Pharma|Operations - Systems,Ideation,Academia,MIT Sloan|AI - Digital Health|Medical Devices - Med Tech|Biotech - Pharma|Operations - Systems|Ideation|Academia,"100 Main Street, Cambridge, MA 02142",2,
MIT Sloan Healthcare Club,,Student Club,Student Club,https://pbs.twimg.com/profile_images/973932722652700672/n7h0JpfE_400x400.jpg,http://www.mitsloanhcc.com,,,,,Massachusetts Institute of Technology,Innovation|Education,,,Academia,Massachusetts Institute of Technology|Academia,"100 Main Street, Cambridge, MA 02142",2,
MIT Social Entrepreneurship Alumni Group (SEAG),1875,"Center, Department, Institute, Office","Center, Department, Institute, Office",https://pbs.twimg.com/profile_images/875446369191944192/MBDN17ut_400x400.jpg,https://alum.mit.edu,http://twitter.com/MIT_alumni,http://www.facebook.com/MITAA,https://www.linkedin.com/groups/69586/,http://instagram.com/mitalumni,Massachusetts Institute of Technology,Innovation|Education,,Mentorship,Academia,Massachusetts Institute of Technology|Mentorship|Academia,"600 Memorial Drive, Cambridge, MA 02139",3,
MIT Solve,2016,"Program, Conference","Program, Conference",https://pbs.twimg.com/profile_images/1063542158882496512/Z0JQ9JNk_400x400.jpg,https://solve.mit.edu,https://twitter.com/solvemit,https://www.facebook.com/SolveMIT/,https://www.linkedin.com/company/solveMIT,https://www.instagram.com/solvemit/,Massachusetts Institute of Technology,Innovation,AI - Digital Health|Operations - Systems,Ideation|Mentorship|Funding,Academia,Massachusetts Institute of Technology|AI - Digital Health|Operations - Systems|Ideation|Mentorship|Funding|Academia,"600 Technology Square, Cambridge, MA 02139",3,
MIT Startup Exchange (STEX),2015,"Program, Conference","Program, Conference",https://pbs.twimg.com/profile_images/1120311781212282881/rhK71KKk_400x400.png,https://startupexchange.mit.edu,https://twitter.com/MITSTEX,,https://www.linkedin.com/company/mit-industrial-liaison-program/about/,,Massachusetts Institute of Technology,Innovation,AI - Digital Health|Medical Devices - Med Tech|Biotech - Pharma|Operations - Systems,,Academia,Massachusetts Institute of Technology|AI - Digital Health|Medical Devices - Med Tech|Biotech - Pharma|Operations - Systems|Academia,"1 Main Street, Cambridge, MA 02142",2,
MIT Student Venture Studio,2021,"Program, Conference","Program, Conference",https://pbs.twimg.com/profile_images/1410602723557339141/uDv7E7r7_400x400.jpg,https://innovation.mit.edu/innovation-infrastructure/ihq/ihq-resident-organizations-2/ihq-resident-organizations-svs/,,,,,Massachusetts Institute of Technology,Innovation,,Ideation|Mentorship,Academia,Massachusetts Institute of Technology|Ideation|Mentorship|Academia,"292 Main St, Cambridge, MA 02142",2,
MIT Tata Center for Technology + Design,2012,"Center, Department, Institute, Office","Center, Department, Institute, Office",https://pbs.twimg.com/profile_images/905408292452802560/6CWEoU5P_400x400.jpg,https://tatacenter.mit.edu,https://twitter.com/TataCenterMIT,https://www.facebook.com/TataCenterMIT/,,https://www.instagram.com/tatacentermit/,Massachusetts Institute of Technology,Innovation|Education,,Ideation|Customer Discovery|Prototype Development|Testing & Validation|Mentorship|Funding,Academia,Massachusetts Institute of Technology|Ideation|Customer Discovery|Prototype Development|Testing & Validation|Mentorship|Funding|Academia,"400 Main Street, Cambridge, MA 02142",3,
MIT Technology Licensing Office (TLO),,"Center, Department, Institute, Office","Center, Department, Institute, Office",https://pbs.twimg.com/profile_images/916018822246797313/atPxi6P5_400x400.jpg,https://tlo.mit.edu,https://twitter.com/MIT_TLO,,,,Massachusetts Institute of Technology,Innovation,,,Academia,Massachusetts Institute of Technology|Academia,"255 Main Street, Cambridge, MA 02142-1601",3,
MIT Venture Exploration Program,2019,"Program, Conference","Program, Conference",https://pbs.twimg.com/profile_images/1410602723557339141/uDv7E7r7_400x400.jpg,https://innovation.mit.edu/vep/; https://vep.mit.edu/,,,,,Massachusetts Institute of Technology,Innovation,,Ideation|Customer Discovery,Academia,Massachusetts Institute of Technology|Ideation|Customer Discovery|Academia,"292 Main St, Cambridge, MA 02142",2,
MIT Venture Mentoring Service,2000,"Center, Department, Institute, Office","Center, Department, Institute, Office",https://pbs.twimg.com/profile_images/1244987305074610181/7blGDAQs_400x400.jpg,https://vms.mit.edu,https://twitter.com/MITVMS,,https://www.linkedin.com/company/mit-vms-outreach-program/about/,,Massachusetts Institute of Technology,Innovation,AI - Digital Health|Medical Devices - Med Tech|Operations - Systems,Mentorship,Academia,Massachusetts Institute of Technology|AI - Digital Health|Medical Devices - Med Tech|Operations - Systems|Mentorship|Academia,"292 Main St, Cambridge, MA 02142",3,
MIT WISDM,2020,"Program, Conference","Program, Conference",https://pbs.twimg.com/profile_images/1410602723557339141/uDv7E7r7_400x400.jpg,https://innovation.mit.edu/wisdm/,,,,,Massachusetts Institute of Technology,Innovation,,Mentorship,Academia,Massachusetts Institute of Technology|Mentorship|Academia,"292 Main St, Cambridge, MA 02142",2,
MIT-Africa,,"Program, Conference","Program, Conference",https://pbs.twimg.com/profile_images/1234591235446169600/9kH2LbuB_400x400.jpg,https://misti.mit.edu/mit-africa,https://twitter.com/MISTIatMIT,https://www.facebook.com/MISTIatMIT,,https://www.instagram.com/mistiatmit,"MIT School of Humanities, Arts, and Social Sciences",,,,Academia,"MIT School of Humanities, Arts, and Social Sciences|Academia","1 Amherst St, Cambridge, MA 02139",1,
MIT-Arab World,,"Program, Conference","Program, Conference",https://pbs.twimg.com/profile_images/1234591235446169600/9kH2LbuB_400x400.jpg,https://misti.mit.edu/mit-arab-world,https://twitter.com/MISTIatMIT,https://www.facebook.com/MISTIatMIT,,https://www.instagram.com/mistiatmit,"MIT School of Humanities, Arts, and Social Sciences",,,,Academia,"MIT School of Humanities, Arts, and Social Sciences|Academia","1 Amherst St, Cambridge, MA 02139",1,
MIT-Australia and New Zealand,,"Program, Conference","Program, Conference",https://pbs.twimg.com/profile_images/1234591235446169600/9kH2LbuB_400x400.jpg,https://misti.mit.edu/mit-australia-and-new-zealand,https://twitter.com/MISTIatMIT,https://www.facebook.com/MISTIatMIT,,https://www.instagram.com/mistiatmit,"MIT School of Humanities, Arts, and Social Sciences",,,,Academia,"MIT School of Humanities, Arts, and Social Sciences|Academia","1 Amherst St, Cambridge, MA 02139",1,
MIT-Belgium,,"Program, Conference","Program, Conference",https://pbs.twimg.com/profile_images/1234591235446169600/9kH2LbuB_400x400.jpg,https://misti.mit.edu/mit-belgium,https://twitter.com/MISTIatMIT,https://www.facebook.com/MISTIatMIT,,https://www.instagram.com/mistiatmit,"MIT School of Humanities, Arts, and Social Sciences",,,,Academia,"MIT School of Humanities, Arts, and Social Sciences|Academia","1 Amherst St, Cambridge, MA 02139",1,
MIT-Brazil,,"Program, Conference","Program, Conference",https://pbs.twimg.com/profile_images/1234591235446169600/9kH2LbuB_400x400.jpg,https://misti.mit.edu/mit-brazil,https://twitter.com/MISTIatMIT,https://www.facebook.com/MISTIatMIT,,https://www.instagram.com/mistiatmit,"MIT School of Humanities, Arts, and Social Sciences",,,,Academia,"MIT School of Humanities, Arts, and Social Sciences|Academia","1 Amherst St, Cambridge, MA 02139",1,
MIT-Chile,,"Program, Conference","Program, Conference",https://pbs.twimg.com/profile_images/1234591235446169600/9kH2LbuB_400x400.jpg,https://misti.mit.edu/mit-chile,https://twitter.com/MISTIatMIT,https://www.facebook.com/MISTIatMIT,,https://www.instagram.com/mistiatmit,"MIT School of Humanities, Arts, and Social Sciences",,,,Academia,"MIT School of Humanities, Arts, and Social Sciences|Academia","1 Amherst St, Cambridge, MA 02139",1,
MIT-China,,"Program, Conference","Program, Conference",https://pbs.twimg.com/profile_images/1234591235446169600/9kH2LbuB_400x400.jpg,https://misti.mit.edu/mit-china,https://twitter.com/MISTIatMIT,https://www.facebook.com/MISTIatMIT,,https://www.instagram.com/mistiatmit,"MIT School of Humanities, Arts, and Social Sciences",,,,Academia,"MIT School of Humanities, Arts, and Social Sciences|Academia","1 Amherst St, Cambridge, MA 02139",1,
MIT-Colombia,,"Program, Conference","Program, Conference",https://pbs.twimg.com/profile_images/1234591235446169600/9kH2LbuB_400x400.jpg,https://misti.mit.edu/mit-colombia,https://twitter.com/MISTIatMIT,https://www.facebook.com/MISTIatMIT,,https://www.instagram.com/mistiatmit,"MIT School of Humanities, Arts, and Social Sciences",,,,Academia,"MIT School of Humanities, Arts, and Social Sciences|Academia","1 Amherst St, Cambridge, MA 02139",1,
MIT-Denmark,,"Program, Conference","Program, Conference",https://pbs.twimg.com/profile_images/1234591235446169600/9kH2LbuB_400x400.jpg,https://misti.mit.edu/mit-denmarkk,https://twitter.com/MISTIatMIT,https://www.facebook.com/MISTIatMIT,,https://www.instagram.com/mistiatmit,"MIT School of Humanities, Arts, and Social Sciences",,,,Academia,"MIT School of Humanities, Arts, and Social Sciences|Academia","1 Amherst St, Cambridge, MA 02139",1,
MIT-France,,"Program, Conference","Program, Conference",https://pbs.twimg.com/profile_images/1234591235446169600/9kH2LbuB_400x400.jpg,https://misti.mit.edu/mit-france,https://twitter.com/MISTIatMIT,https://www.facebook.com/MISTIatMIT,,https://www.instagram.com/mistiatmit,"MIT School of Humanities, Arts, and Social Sciences",,,,Academia,"MIT School of Humanities, Arts, and Social Sciences|Academia","1 Amherst St, Cambridge, MA 02139",1,
MIT-Germany,,"Program, Conference","Program, Conference",https://pbs.twimg.com/profile_images/1234591235446169600/9kH2LbuB_400x400.jpg,https://misti.mit.edu/mit-germany,https://twitter.com/MISTIatMIT,https://www.facebook.com/MISTIatMIT,,https://www.instagram.com/mistiatmit,"MIT School of Humanities, Arts, and Social Sciences",,,,Academia,"MIT School of Humanities, Arts, and Social Sciences|Academia","1 Amherst St, Cambridge, MA 02139",1,
MIT-India,,"Program, Conference","Program, Conference",https://pbs.twimg.com/profile_images/1234591235446169600/9kH2LbuB_400x400.jpg,https://misti.mit.edu/mit-india,https://twitter.com/MISTIatMIT,https://www.facebook.com/MISTIatMIT,,https://www.instagram.com/mistiatmit,"MIT School of Humanities, Arts, and Social Sciences",,,,Academia,"MIT School of Humanities, Arts, and Social Sciences|Academia","1 Amherst St, Cambridge, MA 02139",1,
MIT-Israel,,"Program, Conference","Program, Conference",https://pbs.twimg.com/profile_images/1234591235446169600/9kH2LbuB_400x400.jpg,https://misti.mit.edu/mit-israel,https://twitter.com/MISTIatMIT,https://www.facebook.com/MISTIatMIT,,https://www.instagram.com/mistiatmit,"MIT School of Humanities, Arts, and Social Sciences",,,,Academia,"MIT School of Humanities, Arts, and Social Sciences|Academia","1 Amherst St, Cambridge, MA 02139",1,
MIT-Italy,,"Program, Conference","Program, Conference",https://pbs.twimg.com/profile_images/1234591235446169600/9kH2LbuB_400x400.jpg,https://misti.mit.edu/mit-italy,https://twitter.com/MISTIatMIT,https://www.facebook.com/MISTIatMIT,,https://www.instagram.com/mistiatmit,"MIT School of Humanities, Arts, and Social Sciences",,,,Academia,"MIT School of Humanities, Arts, and Social Sciences|Academia","1 Amherst St, Cambridge, MA 02139",1,
MIT-Japan,,"Program, Conference","Program, Conference",https://pbs.twimg.com/profile_images/1234591235446169600/9kH2LbuB_400x400.jpg,https://misti.mit.edu/mit-japan,https://twitter.com/MISTIatMIT,https://www.facebook.com/MISTIatMIT,,https://www.instagram.com/mistiatmit,"MIT School of Humanities, Arts, and Social Sciences",,,,Academia,"MIT School of Humanities, Arts, and Social Sciences|Academia","1 Amherst St, Cambridge, MA 02139",1,
MIT-Korea,,"Program, Conference","Program, Conference",https://pbs.twimg.com/profile_images/1234591235446169600/9kH2LbuB_400x400.jpg,https://misti.mit.edu/mit-korea,https://twitter.com/MISTIatMIT,https://www.facebook.com/MISTIatMIT,,https://www.instagram.com/mistiatmit,"MIT School of Humanities, Arts, and Social Sciences",,,,Academia,"MIT School of Humanities, Arts, and Social Sciences|Academia","1 Amherst St, Cambridge, MA 02139",1,
MIT-Mexico,,"Program, Conference","Program, Conference",https://pbs.twimg.com/profile_images/1234591235446169600/9kH2LbuB_400x400.jpg,https://misti.mit.edu/mit-mexico,https://twitter.com/MISTIatMIT,https://www.facebook.com/MISTIatMIT,,https://www.instagram.com/mistiatmit,"MIT School of Humanities, Arts, and Social Sciences",,,,Academia,"MIT School of Humanities, Arts, and Social Sciences|Academia","1 Amherst St, Cambridge, MA 02139",1,
MIT-Netherlands,,"Program, Conference","Program, Conference",https://pbs.twimg.com/profile_images/1234591235446169600/9kH2LbuB_400x400.jpg,https://misti.mit.edu/mit-netherlands,https://twitter.com/MISTIatMIT,https://www.facebook.com/MISTIatMIT,,https://www.instagram.com/mistiatmit,"MIT School of Humanities, Arts, and Social Sciences",,,,Academia,"MIT School of Humanities, Arts, and Social Sciences|Academia","1 Amherst St, Cambridge, MA 02139",1,
MIT-Portugal,,"Program, Conference","Program, Conference",https://pbs.twimg.com/profile_images/1234591235446169600/9kH2LbuB_400x400.jpg,https://misti.mit.edu/mit-portugal,https://twitter.com/MISTIatMIT,https://www.facebook.com/MISTIatMIT,,https://www.instagram.com/mistiatmit,"MIT School of Humanities, Arts, and Social Sciences",,,,Academia,"MIT School of Humanities, Arts, and Social Sciences|Academia","1 Amherst St, Cambridge, MA 02139",1,
MIT-Russia and Eurasia,,"Program, Conference","Program, Conference",https://pbs.twimg.com/profile_images/1234591235446169600/9kH2LbuB_400x400.jpg,https://misti.mit.edu/mit-russia-and-eurasia,https://twitter.com/MISTIatMIT,https://www.facebook.com/MISTIatMIT,,https://www.instagram.com/mistiatmit,"MIT School of Humanities, Arts, and Social Sciences",,,,Academia,"MIT School of Humanities, Arts, and Social Sciences|Academia","1 Amherst St, Cambridge, MA 02139",1,
MIT-Singapore,,"Program, Conference","Program, Conference",https://pbs.twimg.com/profile_images/1234591235446169600/9kH2LbuB_400x400.jpg,https://misti.mit.edu/mit-singaporee,https://twitter.com/MISTIatMIT,https://www.facebook.com/MISTIatMIT,,https://www.instagram.com/mistiatmit,"MIT School of Humanities, Arts, and Social Sciences",,,,Academia,"MIT School of Humanities, Arts, and Social Sciences|Academia","1 Amherst St, Cambridge, MA 02139",1,
MIT-Spain,,"Program, Conference","Program, Conference",https://pbs.twimg.com/profile_images/1234591235446169600/9kH2LbuB_400x400.jpg,https://misti.mit.edu/mit-spain,https://twitter.com/MISTIatMIT,https://www.facebook.com/MISTIatMIT,,https://www.instagram.com/mistiatmit,"MIT School of Humanities, Arts, and Social Sciences",,,,Academia,"MIT School of Humanities, Arts, and Social Sciences|Academia","1 Amherst St, Cambridge, MA 02139",1,
MIT-Switzerland,,"Program, Conference","Program, Conference",https://pbs.twimg.com/profile_images/1234591235446169600/9kH2LbuB_400x400.jpg,https://misti.mit.edu/mit-switzerland,https://twitter.com/MISTIatMIT,https://www.facebook.com/MISTIatMIT,,https://www.instagram.com/mistiatmit,"MIT School of Humanities, Arts, and Social Sciences",,,,Academia,"MIT School of Humanities, Arts, and Social Sciences|Academia","1 Amherst St, Cambridge, MA 02139",1,
MIT-United Kingdom,,"Program, Conference","Program, Conference",https://pbs.twimg.com/profile_images/1234591235446169600/9kH2LbuB_400x400.jpg,https://misti.mit.edu/mit-united-kingdom,https://twitter.com/MISTIatMIT,https://www.facebook.com/MISTIatMIT,,https://www.instagram.com/mistiatmit,"MIT School of Humanities, Arts, and Social Sciences",,,,Academia,"MIT School of Humanities, Arts, and Social Sciences|Academia","1 Amherst St, Cambridge, MA 02139",1,
MITs NEW Drug Development ParadIGmS (NEWDIGS) Program,,"Program, Conference","Program, Conference",https://cbi.mit.edu/wp-content/uploads/2020/12/MITCBI-Logo_300x85.png,https://newdigs.mit.edu,,,,,Massachusetts Institute of Technology,Innovation,Biotech - Pharma,Mentorship|Funding,Academia,Massachusetts Institute of Technology|Biotech - Pharma|Mentorship|Funding|Academia,"400 Main Street, Cambridge, MA 02142",2,
New England I-Corps @ MIT,2018,"Program, Conference","Program, Conference",https://lirp.cdn-website.com/d690e36b/dms3rep/multi/opt/NSF+logo-84w.png,https://icorps.mit.edu,,,,,Massachusetts Institute of Technology,Innovation|Education,,Customer Discovery|Funding,Academia,Massachusetts Institute of Technology|Customer Discovery|Funding|Academia,"292 Main Street, Cambridge, MA 02139",3,
"Science, Technology, and Society Program",,"Program, Conference","Program, Conference",https://pbs.twimg.com/profile_images/378800000448101172/5e50a2c689002ec51802da3daae816c8_400x400.jpeg,https://sts-program.mit.edu/,https://twitter.com/mitpsts,https://www.facebook.com/MITPSTS,,,Massachusetts Institute of Technology,,,,Academia,Massachusetts Institute of Technology|Academia,"77 Massachusetts Avenue, Cambridge, MA 02139",2,
SMART Critical Analytics for Manufacturing Personalized-Medicine,,"Program, Conference","Program, Conference","https://img1.wsimg.com/isteam/ip/7185ea5b-c3a2-4207-bb67-c6a9b5b7be5f/logo/06be09db-b6bb-4a3c-89ea-86a1009ef1c9.png/:/rs=w:714,h:160,cg:true,m/cr=w:714,h:160/qt=q:95",https://camp.smart.mit.edu,,,,,Massachusetts Institute of Technology,Innovation,,,Academia,Massachusetts Institute of Technology|Academia,"1 CREATE Way, #04-13/14 Enterprise Wing, Singapore 138602",1,
START nano,,"Program, Conference","Program, Conference",,https://mitnano.mit.edu/startnano,https://twitter.com/mit_nano,,https://www.linkedin.com/company/mit-nano/,https://www.instagram.com/mit.nano/,Massachusetts Institute of Technology,Innovation|Research,,Prototype Development|Testing & Validation|Incubation|Funding,Academia,Massachusetts Institute of Technology|Prototype Development|Testing & Validation|Incubation|Funding|Academia,"60 Vassar Street, Cambridge, MA 02139",2,
StartMIT,2014,"Program, Conference","Program, Conference",https://pbs.twimg.com/profile_images/1422946036293640193/uXrBXkYt_400x400.jpg,https://entrepreneurship.mit.edu/startmit-iap/,https://twitter.com/EshipMIT,https://www.facebook.com/EshipMIT,https://www.linkedin.com/company/martin-trust-center-for-mit-entrepreneurship/,https://www.instagram.com/eshipmit/,Massachusetts Institute of Technology,Innovation|Education,,,Academia,Massachusetts Institute of Technology|Academia,"One Amherst Street, Cambridge, MA 02142",2,
The eForum (formerly known as MIT Enterprise Forum),1978,"Center, Department, Institute, Office","Center, Department, Institute, Office",https://secureservercdn.net/104.238.69.81/fh5.4eb.myftpupload.com/wp-content/uploads/2021/06/Unknown.png,https://www.theeforum.org/,https://twitter.com/theeforumorg,https://www.facebook.com/theeforumorg/,https://www.linkedin.com/company/theeforumorg/,,Massachusetts Institute of Technology,Innovation|Education,,Mentorship,Academia,Massachusetts Institute of Technology|Mentorship|Academia,"1 Broadway, Cambridge, MA 02142 ",3,
The Engine,2016,Fund,Fund,https://pbs.twimg.com/profile_images/806956143725649921/cMZjI6F2_400x400.jpg,https://www.engine.xyz,https://twitter.com/enginexyz,,https://www.linkedin.com/company/theengine,,Massachusetts Institute of Technology,Innovation,,Testing & Validation|Pilot Testing|Incubation|Scaling & Commercialization|Mentorship|Funding,"VCs, Investors, Funders","Massachusetts Institute of Technology|Testing & Validation|Pilot Testing|Incubation|Scaling & Commercialization|Mentorship|Funding|VCs, Investors, Funders","501 Massachusetts Ave, Cambridge, MA 02139",3,
Example Startup 1,2008,Startup,Startup,,,,,,,,,,,,,,,"StartMIT, The Engine"
Example Startup 2,2012,Startup,Startup,,,,,,,,,,,,,,,"StartMIT, MIT Sandbox Innovation Fund Program"
Example Startup 3,2015,Startup,Startup,,,,,,,,,,,,,,,MIT Fuse
Example Startup 4,2018,Startup,Startup,,,,,,,,,,,,,,,MIT Sandbox Innovation Fund Program
Example Startup 5,2019,Startup,Startup,,,,,,,,,,,,,,,MIT Sandbox Innovation Fund Program
Example Startup 6,2022,Startup,Startup,,,,,,,,,,,,,,,MIT Sandbox Innovation Fund Program